Trusted?,Disparity,Health,Delay,Percent Trust,Collected Coins
True,0.20791457708531313,93.0,8.437648439578748,1.0,0
True,0.041984212325081725,52.0,0.3438686070270318,1.0,0
