Trusted?,Disparity,Health,Delay,Percent Trust,Collected Coins
True,0.13786959400625948,95.0,0.2813292043410236,1.0,1
True,0.27309720714565905,92.0,-0.242770501190396,1.0,1
