Trusted?,Disparity,Health,Delay,Percent Trust,Collected Coins
True,0.1728655931659831,100.0,-0.42743172790062633,1.0,0
True,0.35967975810188935,66.0,-0.252883027778958,1.0,2
False,0.3522124639684703,63.0,0.11916181884383015,0.6666666666666666,2
False,0.15857360291411926,55.0,0.2538893037625174,0.5,4
False,0.115778411289582,39.0,-0.02721734345396687,0.4,4
