clicks,mouse movements,decision intervals,Cognitive Stress Prediction(rf),h:m:s
0,0.7174170413,1.28746032715E-05,-0.6003211,2016_9_26-14_52_57
3,3.8095402247,7.869863987,-0.51509,2016_9_26-14_53_15
3,1.8257990778,6.0618309975,-0.4199494,2016_9_26-14_53_38
1,0.7243231485,3.0170161724,-0.4963256,2016_9_26-14_53_45
3,1.7118596757,3.1629860401,-0.4480223,2016_9_26-14_54_1
1,0.127026789,1.7681839466,-0.4949038,2016_9_26-14_54_10
2,1.9229439688,5.0847620964,-0.5061176,2016_9_26-14_54_24
2,0.726851951,2.5440940857,-0.4963256,2016_9_26-14_54_31
3,1.9177428168,4.0079431534,-0.454872,2016_9_26-14_54_47
