Trusted?,Disparity,Health,Delay,Percent Trust,Collected Coins
True,0.47324039284788666,100.0,0.014266178383520511,1.0,0
True,0.03531214578242203,94.0,-0.15897139899661816,1.0,0
