Trusted?,Disparity,Health,Delay,Percent Trust,Collected Coins
True,0.2375641677337218,94.0,0.7187114835006749,1.0,0
True,0.1414154306666698,78.0,-1.130683889614727,1.0,1
