Trusted?,Disparity,Health,Delay,Percent Trust,Collected Coins
True,0.04596508307089485,100.0,-0.06858050200243326,1.0,0
True,0.2496746311181445,89.0,0.45222076676349854,1.0,0
