Trusted?,Disparity,Health,Delay,Percent Trust,Collected Coins
True,0.020993565121062534,100.0,-0.021108439456850814,1.0,0
True,0.0026053242672448838,100.0,-0.1880245095319042,1.0,0
True,0.008594589203959113,100.0,-0.1379953715307609,1.0,0
True,0.02617444602614398,94.0,0.12821098185407953,1.0,0
True,0.02508610378357736,94.0,-0.8955680901048022,1.0,0
True,0.01770365467389997,92.0,-0.15657811162540192,1.0,0
