Trusted?,Disparity,Health,Delay,Percent Trust,Collected Coins
True,0.028266728237814044,100.0,-0.26920643712362713,1.0,0
True,0.026466490940083992,97.0,-0.1764364197591397,1.0,0
True,0.0201780635561233,97.0,-1.2968823568640018,1.0,1
True,0.0105393386943832,96.0,-0.2712925768163017,1.0,2
True,0.027857718743336955,94.0,-0.4282091837264481,1.0,2
True,0.40447984155388544,87.0,-0.19016419799906803,1.0,2
True,0.019378664361220002,87.0,-0.89999474476328,1.0,3
True,0.02239873054446309,87.0,-0.6554504231293452,1.0,3
True,0.5864737010168221,87.0,-0.4830418356450792,1.0,3
