Trusted?,Disparity,Health,Delay,Percent Trust,Collected Coins
True,0.14735739719508728,100.0,-0.1493234478339538,1.0,0
True,0.02887706154252384,92.0,6.182585893822672,1.0,1
True,0.022990395033484372,90.0,3.1195159511539607,1.0,1
True,0.031447956786577184,90.0,0.26562599764846917,1.0,1
True,0.026320221848725046,90.0,-0.6199471615534822,1.0,2
